Repository,Developer,Latest Version,Last Release,Recovery Status,OTA Update,Flash via SD Card,X4 Compatible,X3 Compatible (before 7/2026),Notes
crosspoint-reader/crosspoint-reader,crosspoint-reader,v1.5.0,2026-08-07,safe,yes,yes,yes,yes,"Master branch, Stable. (Highly Recommended)"
uxjulia/CrossInk,uxjulia,v1.5.0,2026-08-08,safe,yes,yes,yes,yes,Bionic Reading. Improved Reading Environment and Refined User Experience. Stable. (Highly Recommended)
crosspoint-reader-ko/crosspoint-reader-ko,crosspoint-reader-ko,1.5.0-ko.3,2026-08-19,safe,yes,yes,yes,yes,"Korean Language Support (Stable)

※ Notice for users upgrading from 1.2.0-ko.x or earlier:

Settings will be reset if you update directly from 1.2.0-ko.x. The upstream removed legacy settings.bin migrations in 1.5.0. Settings will be retained if you are using 1.3.0-ko.x."
obijuankenobiii/inx,obijuankenobiii,1.0.19,2026-08-02,safe,yes,yes,yes,yes,"A reading-focused fork emphasizing UX polish and practical tools. Markdown Reader, native JPG/PNG support."
leecming82/crosspoint-reader,leecming82,v0.4.3,2026-06-01,safe,yes,yes,yes,yes,"Experimental, Proof of Concept fork. Optimized for Japanese. Features dedicated Japanese font rendering, Yomigana (furigana) support, and Vertical Writing mode."
franssjz/cpr-vcodex,franssjz,1.5.0.24-cpr-vcodex,2026-09-03,safe,yes,yes,yes,yes,"focused on improving reading consistency, long-term reading habits, and overall reader experience without sacrificing simplicity or performance."
0x1abin/crossmux,0x1abin,1.5.8,2026-08-29,safe,no,yes,yes,yes,"Chinese and international firmware are provided separately.
Apps Hub, WeRead Copilot (WeChat Reading) features.

※ Notice
Although the OTA function exists, other firmware flashing failures were confirmed using OTA Unlocker."
imshentastic/CrumBLE,imshentastic,crumble-v4.7.3,2026-08-06,safe,yes,yes,yes,under development,"Fork of CrossInk. Bookshelf grid, Bluetooth remote page-turner, Sleep screens (transparent PNGs supported), Fully customizable Collections, Dictionary lookup"
jpirnay/witchhunt-reader,jpirnay,2.26,2026-08-28,safe,yes,yes,yes,yes,"Crosspoint++ project owner has returned.

Equipped with various experimental features, including faster rendering, improved CSS layout, and Markdown support.

Note: The SD flasher currently scans firmware .bin files from subfolders. If the firmware is placed directly in the SD card root, it may not appear in the firmware selection list."
aBER0724/crosspoint-reader-cjk,aBER0724,0.4.0,2026-09-03,caution,possible,yes,yes,no,"Supports Chinese, Japanese (Korean Not Included) 

※ Notice
SD flashing functionality introduced in version 0.3.3 is reported to be unstable or non-functional under certain conditions. Users are advised to exercise caution and verify compatibility before proceeding. "
bigbag/papyrix-reader,bigbag,v1.28.2,2026-08-25,caution,no,yes,yes,yes,"Vietnamese, Thai, Greek, Arabic (RTL), CJK

※ Notice: Not supported RTC and Gyroscope sensor function."
diogo7dias/crosspoint-reader-DX34,diogo7dias,v0.0.5,2026-07-02,caution,yes,unknown,unknown,unknown,The Project is no longer maintained. Superseded by Lector.
pablohc/microreader_plus,pablohc,No release,N/A,caution,unknown,yes,yes,yes,A fork of the microreader. Provides additional convenience in addition to X3 support and SD flashing capabilities.
trilwu/crosspet,trilwu,v1.8.4,2026-07-25,warning,unknown,unknown,yes,no,"Bluetooth keyboard, Various Apps, Pets

※ Notice for Locked X4 Users:

Crosspet 1.8.4 is inconsistent in recovery through SD and OTA flashing depending on the download source. 

Flashing on a locked device is highly discouraged due to the number of technical issues caused by the firmware. 

Last updated: July 29, 2026"
ideo2004-afk/crosspoint-reader-lua,ideo2004-afk,v3.0.1,2026-04-03,warning,no,no,yes,no,Dynamic Lua Plugin System
DaisonChun/crosslink,DaisonChun,v20260524,2026-05-24,warning,unknown,unknown,unknown,unknown,"※ WARNING

Flash area is repartitioned. User discretion is advised. Due to active partition changes, reverting to other firmwares requires a full 16MB flash backup and restoration beforehand.

Likely a re-fork of a Chinese CrossPoint variant, localized back into English.

The source code has not been verified against the distributed binary. Source commits do not reflect the actual UI changes.

Flashing this on Locked devices poses a critical risk of permanent bricking."
psychoplath9450/SUMI,psychoplath9450,0.6.3,2026-05-20,warning,no,no,yes,yes,"Lots of apps and Bluetooth, BLE"
yattsu/biscuit,yattsu,0.1.0,2026-04-08,warning,no,no,yes,unknown,"※ WARNING

Offensive wireless testing tool (Wi-Fi/BLE injection) built on CrossPoint. Although eReader functions remain hidden in the UI corner, it is not intended for daily reading. Potentially disruptive to local networks.

Flashing this on Locked devices poses a critical risk of permanent bricking."
CidVonHighwind/microreader,CidVonHighwind,2.0-dev.378,2026-07-07,warning,no,unknown,yes,no,"※ WARNING
Non-CrossPoint standalone firmware. Utilizes a custom partition layout. Flashing this on Locked devices will alter the partition structure, posing a critical risk of permanent bricking."
azw413/TernOS,azw413,v0.4.0,2026-03-17,warning,unknown,unknown,yes,no,"※ WARNING 
Non-CrossPoint standalone OS inspired by PalmOS. Completely unverified on Locked devices. Flashing this will overwrite the stock bootloader and partition table, causing permanent bricking."
thedrunkpenguin/crosspoint-reader-ble,thedrunkpenguin,crosspoint-ble-1.3.1,2026-05-21,warning,no,yes,yes,unknown,"BLE, Some Games

※ Notice: Releases before 1.3.1 are not recoverable on locked devices. Personal experimental fork focused on BLE feature testing. Unverified partition stability and lack of maintenance for general users. Flashing is at your own risk."
unbrokendub/snapix,unbrokendub,v3.11.11,2026-07-28,warning,no,no,unknown,unknown,"※ CRITICAL WARNING
v2.0.60+ completely removes OTA/SD flashing by repurposing slots for LittleFS cache. Mandates USB flashing and Erase flash on failure. Flashing this on Locked devices will alter partition layout permanently, making stock restoration impossible without a 16MB full backup."
sumegig/seek-reader,sumegig,v1.0.7,2026-04-22,warning,unknown,no,unknown,unknown,"※ WARNING
Alters flash partitions to support multilingual font structures and SD caching. Flashing this on Locked devices will mismatch partition layouts, causing bootloops. Restoration is impossible without a full 16MB backup."
dawsonfi/aalu,dawsonfi,v3.3.0,2026-08-19,caution,yes,yes,yes,no,"※ WARNING
Fork of seek-reader. Inherits the modified flash partition layout for font structures and SD caching. Flashing on Locked devices causes partition mismatches and bootloops. Restoration requires a full 16MB backup."
NathanMoore4472/CrossWordle,NathanMoore4472,v1.1.1,2026-03-26,warning,unknown,no,unknown,unknown,※ Notice: Presumed abandoned fork featuring Wordle game. No updates since its initial release on March 27. Built on an outdated CrossPoint codebase with unverified partition stability on Locked devices. Flashing is not recommended.
SiliconAves/AvesO3,SiliconAves,1.4.0,2026-08-28,caution,unknown,yes,yes,yes,"AO3-style library browser, Download new chapters directly from AO3."
aimindseye/rustmix-x4-firmware,aimindseye,v1.1.0,2026-06-10,warning,no,no,yes,yes,"Hindi, Sanskrit, Devanagari script and Vedic marks, Gujarati, Mixed Latin, Devanagari, and Gujarati pages supports.

LUA app feature"
davidpavlicek36/doom-xt4,davidpavlicek36,v1.0.2,2026-05-31,warning,no,no,yes,no,"Doom Port Status: Achieved.

According to a long-standing internet tradition, every device with a screen eventually receives a Doom port.

The X4 is no exception.

※ WARNING 
This is Not Epub Reader. for UNLOCK device.
If your primary goal is reading books, install CrossPoint instead."
Josh-writes/microslate-firmware,Josh-writes,v2.0.3,2026-04-27,warning,unknown,unknown,yes,unknown,"A dedicated writing firmware for the Xteink X4 e-paper device.

Pairs with Bluetooth LE (BLE) keyboards, saves notes to a MicroSD card, and supports dual-boot operation with CrossPoint Reader.

⚠ CRITICAL RISK

This firmware uses both application partitions and implements a custom dual-boot mechanism. As a result:

• Only firmware provided by the project owner should be used.
• Uses both application partitions for dual-boot operation. Standard CrossPoint update methods are not compatible.
• A full flash backup is strongly recommended before installation.
• Strongly not recommended for Locked X-series devices. 
• Recovery options may be limited on locked devices.

Compatibility issues with some Bluetooth keyboards have been reported.

Status: Experimental

⚠ For advanced users only.
⚠ Not recommended for Locked X-series devices.
⚠ Standard CrossPoint update methods are not compatible."
deepakvettickal/shortbread,deepakvettickal,v0.1.0,2026-06-06,warning,possible,no,yes,no,"A lean, focused build — e-reader first, with games and small utilities on the side.
(Some Games, Calculator, Password manager, Dictionary, Bluetooth Support)

During testing, some users failed to boot. When booted successfully, somewhat unstable operation was observed."
marcoand75/cpr-vcodex-steroids,marcoand75,1.5.0.23-dev2-cpr-vcodex-steroids,2026-09-02,safe,yes,yes,yes,yes,"This fork builds on top of CPR-vCodex (up to 1.3.0.30), inheriting all upstream features: reading analytics suite (stats, heatmaps, day detail, reading profile, goals, streaks, achievements), Sync Day, dictionary support, flashcards, bookmarks, SD-card fonts, KOReader Sync, Bionic Reading, dark mode, and more.

On top of that, Steroids adds a substantial set of original features"
Jon-Vii/marigold-os,Jon-Vii,v0.4.3,2026-07-19,warning,no,yes,yes,Yes,"Rust based firmware for X4 only. Focused on reading through a minimal UI.

※ Notice: It is possible to flash new FW from the SD card. See repo for complete flashing instructions."
eszter007/matcha-reader,eszter007,1.5.0,2026-08-13,caution,unknown,yes,yes,yes,"Japanese language learning firmware. 

Renders vertical and horizontal Japanese text. Includes Japanese to English dictionary. AI features, such as full page translation."
HilbergK/CrossNotes,HilbergK,v1.2.1,2026-08-27,caution,no,yes,yes,yes,Fork of CrossInk. Maintains CrossInk functionality. Extends clipping/highlighting feature to include on device annotation or annotation through a phone browser. 
Sparkadium/crosspoint-reader-almanac,Sparkadium,v1.1.0-almanac,2026-07-15,unknown,unknown,unknown,yes,unknown,"Crosspoint fork with almanac features, including star chart."
sfoulad/midad-by-foulad,sfoulad,v1.8.57,2026-08-08,caution,unknown,yes,yes,yes,Arabic first fork of crosspoint.
Finch-Ing/Glance-DailyAgenda,Finch-Ing,V1.0.1,2026-02-21,unknown,unknown,unknown,yes,unknown,
0xKnowles/CrossPlant,0xKnowles,CrossPlant_v0.1.4,2026-07-16,unknown,unknown,unknown,yes,unknown,Fork of CrossInk that includes a digital pet plant.
yokki-vans/InkPointX,yokki-vans,v2.2.27,2026-08-30,unknown,yes,unknown,yes,yes,
Chuckthe5th/crossfade,Chuckthe5th,v1.3.2,2026-08-17,unknown,unknown,unknown,no,yes,
andrewjiang/flowe-os,andrewjiang,fw-v0.6.6,2026-09-01,caution,no,yes,unknown,yes,"Productivity focused FW that (priorities, todos, notifications, etc.) requires iOS app. See repo for SD flashing instructions.

More info: https://www.flowe.ink/"
lauren-alexandra/duet-xteink,lauren-alexandra,No release,N/A,warning,no,yes,yes,yes,
diogo7dias/lector,diogo7dias,lector-0.29.5,2026-08-31,unknown,unknown,unknown,unknown,unknown,
anki630/crossmosa,anki630,v2.0.0,2026-09-02,unknown,unknown,unknown,unknown,unknown,Traditional Chinese first FW.
zakerytclarke/crosspoint-reader-apps,zakerytclarke,No release,N/A,safe,yes,yes,yes,yes,"CrossPoint fork, features including Markdown & HTML Parses (allows web content like Wikipedia/Reddit to be displayed natively), Calculator, Weather, Sudoku, Wikipedia, Chess, Dice & 8-Ball, RSS Feed + Reddit and DuckDuckGo search results optimized for e-ink display. (Thank you Jcom for your testing.)"